model,baseline,paired_t_stat,paired_t_pvalue,wilcoxon_stat,wilcoxon_pvalue
MLP,CNN_LSTM,2.9459319945265086,0.042139535893994516,0.0,0.0625
LSTM,CNN_LSTM,3.701866971701589,0.02080141957659513,0.0,0.0625
GRU,CNN_LSTM,2.118019827626822,0.10156833283295112,1.0,0.125
LSTM_ATTENTION,CNN_LSTM,0.3169163490805306,0.7671584588343038,7.0,1.0
